{
    "model": "GAT",
    "vocab_size": 3035,
    "embedding_dim": 128,
    "hidden_dim": 128,
    "num_heads": 4,
    "dropout": 0.4,
    "num_epochs_trained": 25,
    "best_epoch": 23,
    "train_samples": 3139,
    "val_samples": 554,
    "val_accuracy": 70.3971119133574,
    "val_f1_macro": 0.5035214540094903,
    "per_class_f1": {
        "conflict": 0.13333333333333333,
        "negative": 0.5511111111111111,
        "neutral": 0.5139664804469274,
        "positive": 0.8156748911465893
    },
    "per_class_precision": {
        "conflict": 1.0,
        "negative": 0.5961538461538461,
        "neutral": 0.5476190476190477,
        "positive": 0.7698630136986301
    },
    "per_class_recall": {
        "conflict": 0.07142857142857142,
        "negative": 0.512396694214876,
        "neutral": 0.4842105263157895,
        "positive": 0.8672839506172839
    },
    "confusion_matrix": [
        [
            1,
            2,
            0,
            11
        ],
        [
            0,
            62,
            17,
            42
        ],
        [
            0,
            18,
            46,
            31
        ],
        [
            0,
            22,
            21,
            281
        ]
    ],
    "training_time_minutes": 2.1035554011662803
}