{
    "model": "Hybrid (LSTM + GAT)",
    "fusion_type": "attention",
    "lstm_vocab_size": 4104,
    "gat_vocab_size": 3035,
    "embedding_dim": 128,
    "hidden_dim": 128,
    "dropout": 0.4,
    "num_epochs_trained": 30,
    "best_epoch": 24,
    "train_samples": 3139,
    "val_samples": 554,
    "val_accuracy": 71.84115523465704,
    "val_f1_macro": 0.5962437013302012,
    "per_class_precision": {
        "conflict": 0.5,
        "negative": 0.62,
        "neutral": 0.5454545454545454,
        "positive": 0.790633608815427
    },
    "per_class_recall": {
        "conflict": 0.5,
        "negative": 0.512396694214876,
        "neutral": 0.4421052631578947,
        "positive": 0.8858024691358025
    },
    "per_class_f1": {
        "conflict": 0.5,
        "negative": 0.5610859728506787,
        "neutral": 0.4883720930232558,
        "positive": 0.8355167394468704
    },
    "confusion_matrix": [
        [
            7,
            1,
            0,
            6
        ],
        [
            2,
            62,
            19,
            38
        ],
        [
            1,
            20,
            42,
            32
        ],
        [
            4,
            17,
            16,
            287
        ]
    ],
    "training_time_minutes": 6.937071033318838
}