{
    "model": "Hybrid (LSTM + GAT)",
    "fusion_type": "attention",
    "lstm_vocab_size": 3093,
    "gat_vocab_size": 2341,
    "embedding_dim": 128,
    "hidden_dim": 128,
    "dropout": 0.4,
    "num_epochs_trained": 22,
    "best_epoch": 14,
    "train_samples": 2004,
    "val_samples": 354,
    "val_accuracy": 69.49152542372882,
    "val_f1_macro": 0.5687486150583834,
    "per_class_precision": {
        "conflict": 0.2222222222222222,
        "negative": 0.7699115044247787,
        "neutral": 0.603448275862069,
        "positive": 0.7011494252873564
    },
    "per_class_recall": {
        "conflict": 0.2857142857142857,
        "negative": 0.6692307692307692,
        "neutral": 0.5072463768115942,
        "positive": 0.8243243243243243
    },
    "per_class_f1": {
        "conflict": 0.25,
        "negative": 0.7160493827160493,
        "neutral": 0.5511811023622047,
        "positive": 0.7577639751552795
    },
    "confusion_matrix": [
        [
            2,
            1,
            1,
            3
        ],
        [
            3,
            87,
            11,
            29
        ],
        [
            0,
            14,
            35,
            20
        ],
        [
            4,
            11,
            11,
            122
        ]
    ],
    "training_time_minutes": 3.0771079659461975
}