{
    "train_loss": [
        1.367246804413972,
        1.2152192555827859,
        1.0683937860123904,
        0.938069929311305,
        0.8482749086839182,
        0.7878185628372946,
        0.7596021022325681,
        0.7350757098124351,
        0.6230713804194956,
        0.5681128858784099,
        0.5273830982637994,
        0.5049570521086822,
        0.46576481965588934,
        0.45647176493097236,
        0.4342557962661908
    ],
    "train_acc": [
        0.31120370346822857,
        0.4960648148884008,
        0.543950617313385,
        0.6081018521461958,
        0.6499382713694631,
        0.6667438274548377,
        0.6929166670198794,
        0.7184876542032501,
        0.7302777774539995,
        0.7630246914463279,
        0.7817592591415217,
        0.7958179013228711,
        0.8023611108462015,
        0.8076697529098134,
        0.8164814813637439
    ],
    "val_loss": [
        1.3138873245981004,
        1.1477179129918416,
        1.1902460753917694,
        1.1519983543290033,
        1.2749769190947216,
        1.1731210218535528,
        1.4802229702472687,
        1.294875184694926,
        1.3015716804398432,
        1.4330866005685594,
        1.497144467300839,
        1.5645621485180325,
        1.712894191344579,
        1.7491351200474634,
        1.7536234822538164
    ],
    "val_acc": [
        0.470833334657881,
        0.5302083334989018,
        0.5694444444444444,
        0.5972222222222222,
        0.5836805556383398,
        0.6385416669978036,
        0.6295138895511627,
        0.6090277781089147,
        0.6559027781089147,
        0.6781250006622739,
        0.6538194451067183,
        0.6503472228844961,
        0.6520833339956071,
        0.6451388895511627,
        0.6416666673289405
    ],
    "val_f1": [
        0.3345673657077166,
        0.41673506625539763,
        0.445774145591074,
        0.4910575763188228,
        0.48428872614854424,
        0.5277653596926919,
        0.4322192084205814,
        0.5034729547947726,
        0.5170933328823049,
        0.5563804597073939,
        0.5295484942802662,
        0.5367518240685402,
        0.5108512994687848,
        0.5103502938502462,
        0.5122087551293414
    ],
    "best_val_f1": 0.5563804597073939,
    "total_epochs": 15,
    "training_time_minutes": 2.16246657371521
}