{
    "model_name": "LSTM (4 Classes)",
    "num_classes": 4,
    "classes": [
        "conflict",
        "negative",
        "neutral",
        "positive"
    ],
    "test_accuracy": 0.6581920903954802,
    "test_macro_f1": 0.5248742072063249,
    "test_weighted_f1": 0.6611958759995521,
    "per_class_f1": {
        "conflict": 0.16666666666666666,
        "negative": 0.6863468634686347,
        "neutral": 0.5165562913907285,
        "positive": 0.7299270072992701
    },
    "per_class_metrics": {
        "conflict": {
            "precision": 0.2,
            "recall": 0.14285714285714285,
            "f1-score": 0.16666666666666666,
            "support": 7
        },
        "negative": {
            "precision": 0.6595744680851063,
            "recall": 0.7153846153846154,
            "f1-score": 0.6863468634686347,
            "support": 130
        },
        "neutral": {
            "precision": 0.47560975609756095,
            "recall": 0.5652173913043478,
            "f1-score": 0.5165562913907285,
            "support": 69
        },
        "positive": {
            "precision": 0.7936507936507936,
            "recall": 0.6756756756756757,
            "f1-score": 0.7299270072992701,
            "support": 148
        }
    },
    "confusion_matrix": [
        [
            1,
            3,
            1,
            2
        ],
        [
            2,
            93,
            19,
            16
        ],
        [
            0,
            22,
            39,
            8
        ],
        [
            2,
            23,
            23,
            100
        ]
    ],
    "best_val_f1": 0.5066649451073644,
    "total_epochs": 9,
    "model_path": "models/lstm/best_lstm_model.pth"
}