{
    "train_loss": [
        1.36616522532243,
        1.2465297155655348,
        1.0173527816167245,
        0.8462190937537414,
        0.8340900265253507,
        0.737056625003998,
        0.6462357124456992,
        0.5428696913787951,
        0.49220325912420565,
        0.5056542496268566,
        0.42285892768548083,
        0.3914706569451552,
        0.34161691195689714,
        0.3283791087854367
    ],
    "train_acc": [
        0.35650373937991947,
        0.519297542480322,
        0.5659722227316636,
        0.620860042480322,
        0.6457665597016995,
        0.6891025637204831,
        0.7274973289324687,
        0.7447916670487478,
        0.7777777772683364,
        0.8056891021820215,
        0.8283920941444544,
        0.8321314098743292,
        0.8504273501726297,
        0.8584401710675313
    ],
    "val_loss": [
        1.360563685496648,
        1.3382461766401927,
        1.433344433705012,
        1.449641267458598,
        1.672472059726715,
        1.4467519521713257,
        1.5627327462037404,
        1.8166051755348842,
        1.7563078999519348,
        2.0596695194641748,
        2.0939056475957236,
        2.24259906510512,
        2.4349984576304755,
        2.4273214836915336
    ],
    "val_acc": [
        0.4296875,
        0.5078125,
        0.5755208333333334,
        0.5182291666666666,
        0.5182291666666666,
        0.5546875,
        0.5729166666666666,
        0.578125,
        0.5963541666666666,
        0.5963541666666666,
        0.5989583333333334,
        0.6041666666666666,
        0.6067708333333334,
        0.5807291666666666
    ],
    "val_f1": [
        0.29515381311268796,
        0.3950481139123357,
        0.44463210731778274,
        0.39295085306850014,
        0.3982787531495313,
        0.4731168685954289,
        0.48565978379951535,
        0.46047088288467597,
        0.5066649451073644,
        0.5054988493233334,
        0.4782246735707791,
        0.475755556547564,
        0.48106687603587966,
        0.4646568204503544
    ],
    "best_val_f1": 0.5066649451073644,
    "total_epochs": 14,
    "training_time_minutes": 1.2671239813168844
}