{
    "model_name": "LSTM (4 Classes)",
    "num_classes": 4,
    "classes": [
        "conflict",
        "negative",
        "neutral",
        "positive"
    ],
    "test_accuracy": 0.6732851985559567,
    "test_macro_f1": 0.517543165289665,
    "test_weighted_f1": 0.6869111982145182,
    "per_class_f1": {
        "conflict": 0.1951219512195122,
        "negative": 0.5647058823529412,
        "neutral": 0.5024630541871922,
        "positive": 0.8078817733990148
    },
    "per_class_metrics": {
        "conflict": {
            "precision": 0.14814814814814814,
            "recall": 0.2857142857142857,
            "f1-score": 0.1951219512195122,
            "support": 14
        },
        "negative": {
            "precision": 0.5373134328358209,
            "recall": 0.5950413223140496,
            "f1-score": 0.5647058823529412,
            "support": 121
        },
        "neutral": {
            "precision": 0.4722222222222222,
            "recall": 0.5368421052631579,
            "f1-score": 0.5024630541871922,
            "support": 95
        },
        "positive": {
            "precision": 0.8631578947368421,
            "recall": 0.7592592592592593,
            "f1-score": 0.8078817733990148,
            "support": 324
        }
    },
    "confusion_matrix": [
        [
            4,
            5,
            0,
            5
        ],
        [
            7,
            72,
            26,
            16
        ],
        [
            2,
            24,
            51,
            18
        ],
        [
            14,
            33,
            31,
            246
        ]
    ],
    "best_val_f1": 0.5563804597073939,
    "total_epochs": 10,
    "model_path": "models/lstm/best_lstm_model.pth"
}