Model,Accuracy,Macro F1,Conflict F1,Negative F1,Neutral F1,Positive F1
Hybrid (LSTM+GAT),69.49152542372882,0.5687486150583834,0.25,0.7160493827160493,0.5511811023622047,0.7577639751552795
LSTM,65.81920903954803,0.5248742072063249,0.16666666666666666,0.6863468634686347,0.5165562913907285,0.7299270072992701
GAT,70.05649717514125,0.5041099404619809,0.0,0.7441860465116279,0.5245901639344263,0.7476635514018691
